date,shares_outstanding,nav,net_assets
2026-09-08,2010000.0,25.0,50250000.0
2026-09-09,2010000.0,25.08,50404194.23
2026-09-10,2010000.0,25.06,50374926.71
2026-09-11,2010000.0,24.85,49943690.39
2026-09-14,2010000.0,25.13,50503875.03
2026-09-15,2030000.0,24.55,49842244.81
2026-09-16,2030000.0,24.76,50255256.04
2026-09-17,2030000.0,24.66,50065478.17
2026-09-18,2030000.0,24.98,50717301.97
2026-09-21,2030000.0,25.41,51582668.11
2026-09-22,2030000.0,25.22,51195607.73
2026-09-23,2030000.0,25.13,51020605.19
2026-09-24,2030000.0,25.15,51047535.93
2026-09-25,2030000.0,24.93,50606431.16
2026-09-28,2030000.0,24.82,50393148.47
2026-09-29,2030000.0,24.75,50249841.23
2026-09-30,2030000.0,24.94,50628271.88
2026-10-01,2030000.0,24.82,50382933.51
2026-10-02,2030000.0,24.74,50231907.99
2026-10-05,2030000.0,24.87,50476520.37
2026-10-06,2030000.0,24.82,50375666.86
2026-10-07,2030000.0,24.78,50296682.32
